Tweet,Date,Link,Images
,2025-04-02,https://x.com/realDonaldTrump/status/1907459922113028104,No Images
,2025-04-02,https://x.com/realDonaldTrump/status/1907428426648023398,https://pbs.twimg.com/media/GniMC0aXwAAlnUJ?format=jpg&name=900x900
"REPUBLICANS MUST DEFUND AND TOTALLY DISASSOCIATE THEMSELVES FROM NPR & PBS, THE RADICAL LEFT “MONSTERS” THAT SO BADLY HURT OUR COUNTRY!",2025-04-01,https://x.com/realDonaldTrump/status/1907174400144589035,No Images
The Iran-backed Houthi Terrorists have been decimated by the relentless strikes over the past two weeks. Many of their Fighters and Leaders are no longer with us. We hit them every day and night — Harder and harder. Their capabilities that threaten Shipping and the Region are,2025-03-31,https://x.com/realDonaldTrump/status/1906780985888522694,No Images
"There will never have been a transformation of a Country like the transformation that is happening, for all to see, in the United States of America. Companies are pouring into our Country at levels never seen before, with Jobs (and Money!) to follow. It is a beautiful thing to",2025-03-31,https://x.com/realDonaldTrump/status/1906780813204836475,No Images
"In two months, there has been more Private Investment spoken for, and/or committed to, than in four years of the Sleepy Joe Biden Administration — A fact that the Fake News hates talking about!",2025-03-31,https://x.com/realDonaldTrump/status/1906780560141250562,No Images
"Thank you President Bukele, of El Salvador, for taking the criminals that were so stupidly allowed, by the Crooked Joe Biden Administration, to enter our Country, and giving them such a wonderful place to live!",2025-03-31,https://x.com/realDonaldTrump/status/1906772680805646368,https://pbs.twimg.com/media/GnX-8phakAAgXGr.jpg
,2025-03-31,https://x.com/realDonaldTrump/status/1906701492192420117,https://pbs.twimg.com/amplify_video_thumb/1906701334314663936/img/Q2aqqT2Yuvi93H37.jpg
"America First Patriot Randy Fine is running to represent the Wonderful People of Florida’s 6th Congressional District! A highly successful, Harvard educated businessman, and greatly respected State Legislator, Randy has been a tremendous Voice for MAGA. In Congress, Randy will be",2025-03-31,https://x.com/realDonaldTrump/status/1906700623615078744,No Images
"Jimmy Patronis, Chief Financial Officer and Fire Marshall for the Great State of Florida, is running an incredible Campaign for Congress in Florida’s 1st Congressional District! A fourth generation Floridian from the beautiful Panhandle, and owner of an iconic seafood restaurant,",2025-03-31,https://x.com/realDonaldTrump/status/1906700533240680783,No Images
" SIGNAL SCANDAL:  Katherine Maher, the leftist NPR CEO, is currently the Chair of the Board of Signal!

WHAT ARE THE ODDS?",2025-03-27,https://x.com/OcrazioCornPop/status/1905233167272779893,"https://pbs.twimg.com/media/GnC_eCHXsAALfC3?format=jpg&name=medium, https://pbs.twimg.com/media/GnC_eBZWgAAW2Ju?format=jpg&name=900x900"
,2025-03-28,https://x.com/realDonaldTrump/status/1905689237749727368,https://pbs.twimg.com/amplify_video_thumb/1905689034154016769/img/uXH_xcP16-jrRFQJ.jpg
"FIGHT, FIGHT, FIGHT!!!",2025-03-25,https://x.com/realDonaldTrump/status/1904362652987429338,https://pbs.twimg.com/amplify_video_thumb/1904362577611603969/img/rnIrzqqFQRrtGhHP.jpg
"FIGHT, FIGHT, FIGHT!!!",2025-03-25,https://x.com/realDonaldTrump/status/1904362652987429338,No Images
,2025-03-21,https://x.com/realDonaldTrump/status/1903215026682380513,https://pbs.twimg.com/media/GmmT-d3aEAAlGZx?format=jpg&name=large
